{
  "timestamp": 1778325516.8999748,
  "drift": 0.1821121307312206,
  "position": {
    "x": 0.08811444044113159,
    "y": 0.1533062756061554,
    "z": 0.04378688707947731
  },
  "orientation": {
    "x": 0.0013540719099299464,
    "y": 0.0033548006660499923,
    "z": -0.008689715747032303,
    "w": 0.9999556993397206
  },
  "matched_to_timestamp": 1778325515.8989322
}