{
  "vlm_answer": "bright white torch light",
  "threshold": 0.999,
  "hotspot_pixels": 98498,
  "max_similarity": 0.9999656081199646,
  "mean_similarity": 0.9389820694923401,
  "buffer_id": "buffer1",
  "timestamp": 1778325519.668837
}