{
  "timestamp": 1778325521.9052532,
  "drift": 0.2091544253979908,
  "position": {
    "x": 0.08327014744281769,
    "y": 0.18830035626888275,
    "z": 0.03714350610971451
  },
  "orientation": {
    "x": 0.000840225408596064,
    "y": 0.002773660959698837,
    "z": -0.009335370611605331,
    "w": 0.9999522246996041
  },
  "matched_to_timestamp": 1778325520.904212
}